count,mean,std,min,25%,50%,75%,max
745.0,7.0228187919463085,14.443187369779986,0.0,0.0,0.0,8.0,102.0
